<?xml version="1.0" encoding="UTF-8"?>
<addon id="plugin.program.xbmchub.notifications" version="1.0.3"
       name="Notifications" provider-name="tvaddons.ag">
  <requires>
  	<import addon="xbmc.python" version="2.1.0"/>
  	<import addon="script.module.addon.common" optional="true" />
	  <import addon="plugin.program.indigo" version="1.0.0" />
  </requires>
  <extension point="xbmc.python.script" library="default.py">
    <provides>executable</provides>
  </extension>
  <extension point="xbmc.service" library="service.py" start="startup">
  </extension>
  <extension point="xbmc.addon.metadata">
  	<summary>TVADDONS NEWS</summary>
  	<description>Receive Important TVADDONS Notifications. Unsubscribe within Add-on Settings.</description>
  	<disclaimer>We take no responsibility for any problems this plugin might in any way, form, shape or size cause.</disclaimer>
  	<language>en</language>
  	<platform>all</platform>
  	<forum>http://forums.tvaddons.ag/forum.php</forum>
  	<website>http://www.tvaddons.ag/</website>
  	<source></source>
  	<email></email>
  </extension>
</addon>
